{
  "bias_x": 2.192189609241539,
  "bias_y": 0.48961282538317263,
  "bias_z": -0.03702110884134322,
  "calibrated": true,
  "sample_count": 639,
  "calibration_time": 10.000045537948608,
  "timestamp": 1757175522.1927025
}